{"schemaVersion":"1.0","appDefinitionTemplate":{"id":"/providers/Microsoft.PowerApps/apps/","type":"Microsoft.PowerApps/apps","tags":{"minimumRequiredApiVersion":"2.2.0"},"properties":{"appVersion":"2020-02-07T12:55:41Z","lifeCycleId":"Published","createdByClientVersion":{"major":3,"minor":20013,"build":29,"revision":0,"majorRevision":0,"minorRevision":0},"minClientVersion":{"major":3,"minor":20013,"build":29,"revision":0,"majorRevision":0,"minorRevision":0},"backgroundColor":"rgba(165, 34, 55, 1)","backgroundImageUri":"/6425198193702606679/N89027e51-9dd1-4118-87db-4f8ad433e16d-N19841969-c103-49d0-9b9b-8821305c448e-logoSmallFile","displayName":"Incident Reporting","description":"","commitMessage":"","appUris":{"documentUri":{"value":"/6425198193702606679/N224d2fba-ca53-4aec-b2ed-30cbed195c02-N12ce1c63-d8f9-45ae-bb1a-159ac77ea728-document.msapp","readonlyValue":"/6425198193702606679/N224d2fba-ca53-4aec-b2ed-30cbed195c02-N12ce1c63-d8f9-45ae-bb1a-159ac77ea728-document.msapp"},"imageUris":[]},"createdTime":"0001-01-01T00:00:00Z","lastModifiedTime":"0001-01-01T00:00:00Z","sharedGroupsCount":0,"sharedUsersCount":0,"icons":{"smallIconUri":"/6425198193702606679/Ne0fe4ace-5007-4287-b312-0cc3ba1b5bc5-N4de1a8ab-33fc-47af-883f-204a51cca40a-small.png","mediumIconUri":"/6425198193702606679/Nc74e37b9-0b2b-4348-b3be-f48f1554478c-N19a37b95-ff4b-4787-ae60-5419498ff82c-medium.png","largeIconUri":"/6425198193702606679/Nc5a484c0-5cf7-4dcc-9c7b-a7123d619b59-N98029b19-3027-4076-9dbd-b2f6ea3a2f14-large.png","wideIconUri":"/6425198193702606679/N23d12108-8eb8-413e-96b2-560e626f40f8-N20a8d454-c679-4185-a7a6-a297b77e1268-wide.png"},"connectionReferences":{"f675b24f-2965-4c85-a7cc-bc09eb6d5870":{"id":"1190f56e-9a06-4b15-a7ae-92758da92677","displayName":"SharePoint","iconUri":"https://connectoricons-prod.azureedge.net/sharepointonline/icon_1.0.1299.1858.png","dataSources":["App Admins","Incident Database"],"dependencies":[],"dependents":[],"parameterHints":{},"isOnPremiseConnection":false,"bypassConsent":false,"dataSets":{"https://zoango.sharepoint.com/sites/incidentreporting":{"dataSources":{"App Admins":{"tableName":"4eff4a30-4149-4e2a-a85b-3e22ec4d6352"},"Incident Database":{"tableName":"5b9942db-9449-4570-a2c2-4de22b7a9401"}}}},"apiTier":"Standard","isCustomApiConnection":false},"b41cb448-80ea-4668-b315-1d679a488e28":{"id":"43ea8a50-16af-43f3-a35a-052d4cd7974a","displayName":"Office 365 Outlook","iconUri":"https://connectoricons-prod.azureedge.net/office365/icon_1.0.1304.1878.png","dataSources":["Office365"],"dependencies":[],"dependents":[],"parameterHints":{},"isOnPremiseConnection":false,"bypassConsent":false,"dataSets":{},"apiTier":"Standard","isCustomApiConnection":false},"59c1ce64-186a-4635-b4cd-4606a00f92fc":{"id":"1190f56e-9a06-4b15-a7ae-92758da92677","displayName":"SharePoint","iconUri":"https://connectoricons-prod.azureedge.net/sharepointonline/icon_1.0.1299.1858.png","dataSources":["Question Database"],"dependencies":[],"dependents":[],"parameterHints":{},"isOnPremiseConnection":false,"bypassConsent":false,"dataSets":{"https://zoango.sharepoint.com/sites/IncidentReporting":{"dataSources":{"Question Database":{"tableName":"1fcd2c76-89a3-4cb1-80cd-11df9910ddb8"}}}},"apiTier":"Standard","isCustomApiConnection":false},"bef018ea-93e8-4f83-be11-99c43d0e6a28":{"id":"a53767a5-440e-4c63-bf53-7014bbb2aef9","displayName":"Office 365 Users","iconUri":"https://connectoricons-prod.azureedge.net/office365users/icon_1.0.1298.1845.png","dataSources":["Office365Users"],"dependencies":[],"dependents":[],"parameterHints":{},"isOnPremiseConnection":false,"bypassConsent":false,"dataSets":{},"apiTier":"Standard","isCustomApiConnection":false}},"databaseReferences":{},"almMode":"Environment","performanceOptimizationEnabled":false},"isAppComponentLibrary":false,"appComponents":[]}}