{"schemaVersion":"1.0","appDefinitionTemplate":{"id":"/providers/Microsoft.PowerApps/apps/","type":"Microsoft.PowerApps/apps","tags":{"minimumRequiredApiVersion":"2.2.0","primaryDeviceWidth":"640","primaryDeviceHeight":"1136","sienaVersion":"20200221T103451Z-3.20022.19.0","deviceCapabilities":"location","supportsPortrait":"true","supportsLandscape":"false","primaryFormFactor":"Phone","publisherVersion":"3.20022.19","hasComponent":"false","hasUnlockedComponent":"false"},"properties":{"appVersion":"2020-02-21T10:34:51Z","lifeCycleId":"Published","createdByClientVersion":{"major":3,"minor":20022,"build":19,"revision":0,"majorRevision":0,"minorRevision":0},"minClientVersion":{"major":3,"minor":20022,"build":19,"revision":0,"majorRevision":0,"minorRevision":0},"backgroundColor":"rgba(165, 34, 55, 1)","backgroundImageUri":"/6425198193702606679/Nd4a4a6e2-0750-4535-864b-da673e52cd62-logoSmallFile","displayName":"Incident Reporting","description":"","commitMessage":"Removed phone number","appUris":{"documentUri":{"value":"/6425198193702606679/Ne73f98fa-214f-46fe-ab42-d3d2436a2249-document.msapp","readonlyValue":"/6425198193702606679/Ne73f98fa-214f-46fe-ab42-d3d2436a2249-document.msapp"},"imageUris":[]},"createdTime":"0001-01-01T00:00:00Z","lastModifiedTime":"0001-01-01T00:00:00Z","sharedGroupsCount":0,"sharedUsersCount":0,"icons":{"smallIconUri":"/6425198193702606679/Nd0a01e79-df2a-4a8d-b156-8c6a3a944448-small.png","mediumIconUri":"/6425198193702606679/Ne450fb10-561c-466b-875e-656ceaaddc43-medium.png","largeIconUri":"/6425198193702606679/N8846f013-ec3a-40cb-bc6e-de58cd07f455-large.png","wideIconUri":"/6425198193702606679/Na392458d-5a3c-4b7d-a11a-c64065f86dc8-wide.png"},"connectionReferences":{"f675b24f-2965-4c85-a7cc-bc09eb6d5870":{"id":"1190f56e-9a06-4b15-a7ae-92758da92677","displayName":"SharePoint","iconUri":"https://connectoricons-prod.azureedge.net/sharepointonline/icon_1.0.1299.1858.png","dataSources":["App Admins","Incident Database"],"dependencies":[],"dependents":[],"parameterHints":{},"isOnPremiseConnection":false,"bypassConsent":false,"dataSets":{"https://zoango.sharepoint.com/sites/incidentreporting":{"dataSources":{"App Admins":{"tableName":"4eff4a30-4149-4e2a-a85b-3e22ec4d6352"},"Incident Database":{"tableName":"5b9942db-9449-4570-a2c2-4de22b7a9401"}}}},"apiTier":"Standard","isCustomApiConnection":false},"b41cb448-80ea-4668-b315-1d679a488e28":{"id":"43ea8a50-16af-43f3-a35a-052d4cd7974a","displayName":"Office 365 Outlook","iconUri":"https://connectoricons-prod.azureedge.net/office365/icon_1.0.1307.1893.png","dataSources":["Office365"],"dependencies":[],"dependents":[],"parameterHints":{},"isOnPremiseConnection":false,"bypassConsent":false,"dataSets":{},"apiTier":"Standard","isCustomApiConnection":false},"59c1ce64-186a-4635-b4cd-4606a00f92fc":{"id":"1190f56e-9a06-4b15-a7ae-92758da92677","displayName":"SharePoint","iconUri":"https://connectoricons-prod.azureedge.net/sharepointonline/icon_1.0.1299.1858.png","dataSources":["Question Database"],"dependencies":[],"dependents":[],"parameterHints":{},"isOnPremiseConnection":false,"bypassConsent":false,"dataSets":{"https://zoango.sharepoint.com/sites/IncidentReporting":{"dataSources":{"Question Database":{"tableName":"1fcd2c76-89a3-4cb1-80cd-11df9910ddb8"}}}},"apiTier":"Standard","isCustomApiConnection":false},"bef018ea-93e8-4f83-be11-99c43d0e6a28":{"id":"a53767a5-440e-4c63-bf53-7014bbb2aef9","displayName":"Office 365 Users","iconUri":"https://connectoricons-prod.azureedge.net/office365users/icon_1.0.1307.1893.png","dataSources":["Office365Users"],"dependencies":[],"dependents":[],"parameterHints":{},"isOnPremiseConnection":false,"bypassConsent":false,"dataSets":{},"apiTier":"Standard","isCustomApiConnection":false}},"databaseReferences":{},"almMode":"Environment","performanceOptimizationEnabled":false},"isAppComponentLibrary":false,"appComponents":[]}}