{"schemaVersion":"1.0","appDefinitionTemplate":{"id":"/providers/Microsoft.PowerApps/apps/","type":"Microsoft.PowerApps/apps","tags":{"minimumRequiredApiVersion":"2.2.0"},"properties":{"appVersion":"2019-12-17T08:16:46Z","lifeCycleId":"Published","createdByClientVersion":{"major":3,"minor":19115,"build":0,"revision":0,"majorRevision":0,"minorRevision":0},"minClientVersion":{"major":3,"minor":19115,"build":0,"revision":0,"majorRevision":0,"minorRevision":0},"backgroundColor":"rgba(165, 34, 55, 1)","backgroundImageUri":"/14940274167918011709/N09d963ec-bf45-477f-9b5b-438200604480-logoSmallFile","displayName":"Incident Reporting","description":"","commitMessage":"Removed Comments flow connection for export","appUris":{"documentUri":{"value":"/14940274167918011709/N0f09c2a5-bf65-400f-8264-574960f7e489-document.msapp","readonlyValue":"/14940274167918011709/N0f09c2a5-bf65-400f-8264-574960f7e489-document.msapp"},"imageUris":[]},"createdTime":"0001-01-01T00:00:00Z","lastModifiedTime":"0001-01-01T00:00:00Z","sharedGroupsCount":0,"sharedUsersCount":0,"icons":{"smallIconUri":"/14940274167918011709/Nfce6427f-aeea-49d1-bfe5-70862556766d-small.png","mediumIconUri":"/14940274167918011709/Nf12e897c-8862-4390-8b98-228382d1415c-medium.png","largeIconUri":"/14940274167918011709/N70ee9170-47e7-45eb-a610-e6c4e6a9dae3-large.png","wideIconUri":"/14940274167918011709/N349d147c-261c-429f-bae5-8124259f92dd-wide.png"},"connectionReferences":{"f675b24f-2965-4c85-a7cc-bc09eb6d5870":{"id":"9539a2ac-9635-4f4d-aec1-c2435259cee2","displayName":"SharePoint","iconUri":"https://connectoricons-prod.azureedge.net/sharepointonline/icon_1.0.1278.1750.png","dataSources":["App Admins","Incident Database"],"dependencies":[],"dependents":[],"parameterHints":{},"isOnPremiseConnection":false,"bypassConsent":false,"dataSets":{"https://zoango.sharepoint.com/sites/incidentreporting":{"dataSources":{"App Admins":{"tableName":"4eff4a30-4149-4e2a-a85b-3e22ec4d6352"},"Incident Database":{"tableName":"5b9942db-9449-4570-a2c2-4de22b7a9401"}}}},"apiTier":"Standard","isCustomApiConnection":false},"b41cb448-80ea-4668-b315-1d679a488e28":{"id":"c9c56814-d9b7-47cb-9a1b-081456724ee1","displayName":"Office 365 Outlook","iconUri":"https://connectoricons-prod.azureedge.net/office365/icon_1.0.1289.1790.png","dataSources":["Office365"],"dependencies":[],"dependents":[],"parameterHints":{},"isOnPremiseConnection":false,"bypassConsent":false,"dataSets":{},"apiTier":"Standard","isCustomApiConnection":false},"59c1ce64-186a-4635-b4cd-4606a00f92fc":{"id":"9539a2ac-9635-4f4d-aec1-c2435259cee2","displayName":"SharePoint","iconUri":"https://connectoricons-prod.azureedge.net/sharepointonline/icon_1.0.1278.1750.png","dataSources":["Question Database"],"dependencies":[],"dependents":[],"parameterHints":{},"isOnPremiseConnection":false,"bypassConsent":false,"dataSets":{"https://zoango.sharepoint.com/sites/IncidentReporting":{"dataSources":{"Question Database":{"tableName":"1fcd2c76-89a3-4cb1-80cd-11df9910ddb8"}}}},"apiTier":"Standard","isCustomApiConnection":false}},"databaseReferences":{},"almMode":"Environment","performanceOptimizationEnabled":false},"isAppComponentLibrary":false,"appComponents":[]}}