{"schemaVersion":"1.0","appDefinitionTemplate":{"id":"/providers/Microsoft.PowerApps/apps/","type":"Microsoft.PowerApps/apps","tags":{"minimumRequiredApiVersion":"2.2.0"},"properties":{"appVersion":"2019-12-19T15:42:58Z","lifeCycleId":"Published","createdByClientVersion":{"major":3,"minor":19121,"build":12,"revision":0,"majorRevision":0,"minorRevision":0},"minClientVersion":{"major":3,"minor":19121,"build":12,"revision":0,"majorRevision":0,"minorRevision":0},"backgroundColor":"rgba(165, 34, 55, 1)","backgroundImageUri":"/14940274167918011709/N90467a88-893e-43d7-a28e-9413307dedfb-logoSmallFile","displayName":"Incident Reporting","description":"","commitMessage":"","appUris":{"documentUri":{"value":"/14940274167918011709/N4eba1aeb-a9b2-4f04-920f-3dca87cb8dd2-document.msapp","readonlyValue":"/14940274167918011709/N4eba1aeb-a9b2-4f04-920f-3dca87cb8dd2-document.msapp"},"imageUris":[]},"createdTime":"0001-01-01T00:00:00Z","lastModifiedTime":"0001-01-01T00:00:00Z","sharedGroupsCount":0,"sharedUsersCount":0,"icons":{"smallIconUri":"/14940274167918011709/N0a22f2a7-732c-4c90-b849-e3e426f7fc7b-small.png","mediumIconUri":"/14940274167918011709/N198186e9-d02b-4a9a-bcef-3f751b942b95-medium.png","largeIconUri":"/14940274167918011709/N8fbee2c1-aaa6-47b2-a23f-4e4a5d4b40ec-large.png","wideIconUri":"/14940274167918011709/Neaa85112-ee08-4929-a57e-3437b57e3ddc-wide.png"},"connectionReferences":{"f675b24f-2965-4c85-a7cc-bc09eb6d5870":{"id":"9539a2ac-9635-4f4d-aec1-c2435259cee2","displayName":"SharePoint","iconUri":"https://connectoricons-prod.azureedge.net/sharepointonline/icon_1.0.1278.1750.png","dataSources":["App Admins","Incident Database"],"dependencies":[],"dependents":[],"parameterHints":{},"isOnPremiseConnection":false,"bypassConsent":false,"dataSets":{"https://zoango.sharepoint.com/sites/incidentreporting":{"dataSources":{"App Admins":{"tableName":"4eff4a30-4149-4e2a-a85b-3e22ec4d6352"},"Incident Database":{"tableName":"5b9942db-9449-4570-a2c2-4de22b7a9401"}}}},"apiTier":"Standard","isCustomApiConnection":false},"b41cb448-80ea-4668-b315-1d679a488e28":{"id":"c9c56814-d9b7-47cb-9a1b-081456724ee1","displayName":"Office 365 Outlook","iconUri":"https://connectoricons-prod.azureedge.net/office365/icon_1.0.1297.1825.png","dataSources":["Office365"],"dependencies":[],"dependents":[],"parameterHints":{},"isOnPremiseConnection":false,"bypassConsent":false,"dataSets":{},"apiTier":"Standard","isCustomApiConnection":false},"59c1ce64-186a-4635-b4cd-4606a00f92fc":{"id":"9539a2ac-9635-4f4d-aec1-c2435259cee2","displayName":"SharePoint","iconUri":"https://connectoricons-prod.azureedge.net/sharepointonline/icon_1.0.1278.1750.png","dataSources":["Question Database"],"dependencies":[],"dependents":[],"parameterHints":{},"isOnPremiseConnection":false,"bypassConsent":false,"dataSets":{"https://zoango.sharepoint.com/sites/IncidentReporting":{"dataSources":{"Question Database":{"tableName":"1fcd2c76-89a3-4cb1-80cd-11df9910ddb8"}}}},"apiTier":"Standard","isCustomApiConnection":false}},"databaseReferences":{},"almMode":"Environment","performanceOptimizationEnabled":false},"isAppComponentLibrary":false,"appComponents":[]}}